{
    "precision_macro": 0.08213166144200627,
    "recall_macro": 0.03986013986013986,
    "f1_macro": 0.03533587624496715,
    "accuracy": 0.10309278350515463,
    "hamming_loss": 0.8969072164948454,
    "precision_micro": 0.10309278350515463,
    "recall_micro": 0.10309278350515463,
    "f1_micro": 0.10309278350515463,
    "precision_class": [
        1.0,
        0.0,
        0.0,
        0.0,
        0.0,
        0.0,
        0.0,
        0.20689655172413793,
        0.0,
        0.0,
        0.0,
        0.0,
        0.6,
        0.0,
        0.0,
        0.0,
        0.0,
        0.0,
        0.0,
        0.0,
        0.0,
        0.0
    ],
    "recall_class": [
        0.2,
        0.0,
        0.0,
        0.0,
        0.0,
        0.0,
        0.0,
        0.6,
        0.0,
        0.0,
        0.0,
        0.0,
        0.07692307692307693,
        0.0,
        0.0,
        0.0,
        0.0,
        0.0,
        0.0,
        0.0,
        0.0,
        0.0
    ],
    "f1_class": [
        0.33333333333333337,
        0.0,
        0.0,
        0.0,
        0.0,
        0.0,
        0.0,
        0.3076923076923077,
        0.0,
        0.0,
        0.0,
        0.0,
        0.13636363636363635,
        0.0,
        0.0,
        0.0,
        0.0,
        0.0,
        0.0,
        0.0,
        0.0,
        0.0
    ],
    "support_class": [
        5,
        7,
        0,
        1,
        1,
        4,
        0,
        10,
        0,
        0,
        1,
        0,
        39,
        3,
        1,
        1,
        1,
        13,
        4,
        5,
        1,
        0
    ],
    "confusion_matrix": [
        [
            [
                92,
                0
            ],
            [
                4,
                1
            ]
        ],
        [
            [
                89,
                1
            ],
            [
                7,
                0
            ]
        ],
        [
            [
                95,
                2
            ],
            [
                0,
                0
            ]
        ],
        [
            [
                96,
                0
            ],
            [
                1,
                0
            ]
        ],
        [
            [
                96,
                0
            ],
            [
                1,
                0
            ]
        ],
        [
            [
                91,
                2
            ],
            [
                4,
                0
            ]
        ],
        [
            [
                96,
                1
            ],
            [
                0,
                0
            ]
        ],
        [
            [
                64,
                23
            ],
            [
                4,
                6
            ]
        ],
        [
            [
                96,
                1
            ],
            [
                0,
                0
            ]
        ],
        [
            [
                96,
                1
            ],
            [
                0,
                0
            ]
        ],
        [
            [
                96,
                0
            ],
            [
                1,
                0
            ]
        ],
        [
            [
                96,
                1
            ],
            [
                0,
                0
            ]
        ],
        [
            [
                56,
                2
            ],
            [
                36,
                3
            ]
        ],
        [
            [
                94,
                0
            ],
            [
                3,
                0
            ]
        ],
        [
            [
                96,
                0
            ],
            [
                1,
                0
            ]
        ],
        [
            [
                96,
                0
            ],
            [
                1,
                0
            ]
        ],
        [
            [
                96,
                0
            ],
            [
                1,
                0
            ]
        ],
        [
            [
                83,
                1
            ],
            [
                13,
                0
            ]
        ],
        [
            [
                93,
                0
            ],
            [
                4,
                0
            ]
        ],
        [
            [
                51,
                41
            ],
            [
                5,
                0
            ]
        ],
        [
            [
                92,
                4
            ],
            [
                1,
                0
            ]
        ],
        [
            [
                90,
                7
            ],
            [
                0,
                0
            ]
        ]
    ]
}