{
    "precision_macro": 0.08333333333333333,
    "recall_macro": 0.125,
    "f1_macro": 0.1,
    "accuracy": 0.2,
    "hamming_loss": 0.8,
    "precision_micro": 0.2,
    "recall_micro": 0.2,
    "f1_micro": 0.20000000000000004,
    "precision_class": [
        0.0,
        0.0,
        0.3333333333333333,
        0.0
    ],
    "recall_class": [
        0.0,
        0.0,
        0.5,
        0.0
    ],
    "f1_class": [
        0.0,
        0.0,
        0.4,
        0.0
    ],
    "support_class": [
        1,
        1,
        2,
        1
    ],
    "confusion_matrix": [
        [
            [
                2,
                2
            ],
            [
                1,
                0
            ]
        ],
        [
            [
                4,
                0
            ],
            [
                1,
                0
            ]
        ],
        [
            [
                1,
                2
            ],
            [
                1,
                1
            ]
        ],
        [
            [
                4,
                0
            ],
            [
                1,
                0
            ]
        ]
    ]
}