{
    "precision_macro": 0.32865715844439247,
    "recall_macro": 0.2652752009894867,
    "f1_macro": 0.23964890226288402,
    "accuracy": 0.4948453608247423,
    "hamming_loss": 0.5051546391752577,
    "precision_micro": 0.4948453608247423,
    "recall_micro": 0.4948453608247423,
    "f1_micro": 0.4948453608247423,
    "precision_class": [
        1.0,
        0.3333333333333333,
        0.0,
        0.6595744680851063,
        0.0,
        0.3076923076923077,
        0.0
    ],
    "recall_class": [
        0.16666666666666666,
        0.7857142857142857,
        0.0,
        0.7045454545454546,
        0.0,
        0.2,
        0.0
    ],
    "f1_class": [
        0.2857142857142857,
        0.4680851063829786,
        0.0,
        0.6813186813186813,
        0.0,
        0.24242424242424246,
        0.0
    ],
    "support_class": [
        12,
        14,
        2,
        44,
        4,
        20,
        1
    ],
    "confusion_matrix": [
        [
            [
                85,
                0
            ],
            [
                10,
                2
            ]
        ],
        [
            [
                61,
                22
            ],
            [
                3,
                11
            ]
        ],
        [
            [
                94,
                1
            ],
            [
                2,
                0
            ]
        ],
        [
            [
                37,
                16
            ],
            [
                13,
                31
            ]
        ],
        [
            [
                93,
                0
            ],
            [
                4,
                0
            ]
        ],
        [
            [
                68,
                9
            ],
            [
                16,
                4
            ]
        ],
        [
            [
                95,
                1
            ],
            [
                1,
                0
            ]
        ]
    ]
}