{
    "precision_macro": 0.19523809523809524,
    "recall_macro": 0.17857142857142858,
    "f1_macro": 0.18008658008658007,
    "accuracy": 0.5263157894736842,
    "hamming_loss": 0.47368421052631576,
    "precision_micro": 0.5263157894736842,
    "recall_micro": 0.5263157894736842,
    "f1_micro": 0.5263157894736842,
    "precision_class": [
        0.0,
        0.2,
        0.0,
        0.0,
        0.6666666666666666,
        0.0,
        0.5
    ],
    "recall_class": [
        0.0,
        0.2,
        0.0,
        0.0,
        0.8,
        0.0,
        0.25
    ],
    "f1_class": [
        0.0,
        0.20000000000000004,
        0.0,
        0.0,
        0.7272727272727272,
        0.0,
        0.3333333333333333
    ],
    "support_class": [
        0,
        5,
        10,
        4,
        45,
        0,
        12
    ],
    "confusion_matrix": [
        [
            [
                73,
                3
            ],
            [
                0,
                0
            ]
        ],
        [
            [
                67,
                4
            ],
            [
                4,
                1
            ]
        ],
        [
            [
                59,
                7
            ],
            [
                10,
                0
            ]
        ],
        [
            [
                72,
                0
            ],
            [
                4,
                0
            ]
        ],
        [
            [
                13,
                18
            ],
            [
                9,
                36
            ]
        ],
        [
            [
                75,
                1
            ],
            [
                0,
                0
            ]
        ],
        [
            [
                61,
                3
            ],
            [
                9,
                3
            ]
        ]
    ]
}