{
    "precision_macro": 0.0576530612244898,
    "recall_macro": 0.078125,
    "f1_macro": 0.03993451880331611,
    "accuracy": 0.13157894736842105,
    "hamming_loss": 0.868421052631579,
    "precision_micro": 0.13157894736842105,
    "recall_micro": 0.13157894736842105,
    "f1_micro": 0.13157894736842105,
    "precision_class": [
        0.0,
        0.0,
        0.2,
        0.0,
        0.0,
        0.0,
        0.0,
        0.0,
        0.0,
        0.6,
        0.0,
        0.0,
        0.12244897959183673,
        0.0,
        0.0,
        0.0
    ],
    "recall_class": [
        0.0,
        0.0,
        0.5,
        0.0,
        0.0,
        0.0,
        0.0,
        0.0,
        0.0,
        0.08333333333333333,
        0.0,
        0.0,
        0.6666666666666666,
        0.0,
        0.0,
        0.0
    ],
    "f1_class": [
        0.0,
        0.0,
        0.28571428571428575,
        0.0,
        0.0,
        0.0,
        0.0,
        0.0,
        0.0,
        0.14634146341463414,
        0.0,
        0.0,
        0.20689655172413793,
        0.0,
        0.0,
        0.0
    ],
    "support_class": [
        0,
        3,
        2,
        3,
        1,
        2,
        1,
        5,
        2,
        36,
        8,
        3,
        9,
        0,
        1,
        0
    ],
    "confusion_matrix": [
        [
            [
                73,
                3
            ],
            [
                0,
                0
            ]
        ],
        [
            [
                73,
                0
            ],
            [
                3,
                0
            ]
        ],
        [
            [
                70,
                4
            ],
            [
                1,
                1
            ]
        ],
        [
            [
                73,
                0
            ],
            [
                3,
                0
            ]
        ],
        [
            [
                75,
                0
            ],
            [
                1,
                0
            ]
        ],
        [
            [
                72,
                2
            ],
            [
                2,
                0
            ]
        ],
        [
            [
                75,
                0
            ],
            [
                1,
                0
            ]
        ],
        [
            [
                66,
                5
            ],
            [
                5,
                0
            ]
        ],
        [
            [
                74,
                0
            ],
            [
                2,
                0
            ]
        ],
        [
            [
                38,
                2
            ],
            [
                33,
                3
            ]
        ],
        [
            [
                68,
                0
            ],
            [
                8,
                0
            ]
        ],
        [
            [
                72,
                1
            ],
            [
                3,
                0
            ]
        ],
        [
            [
                24,
                43
            ],
            [
                3,
                6
            ]
        ],
        [
            [
                75,
                1
            ],
            [
                0,
                0
            ]
        ],
        [
            [
                75,
                0
            ],
            [
                1,
                0
            ]
        ],
        [
            [
                71,
                5
            ],
            [
                0,
                0
            ]
        ]
    ]
}