{
    "precision_macro": 0.17369477911646589,
    "recall_macro": 0.15653669724770644,
    "f1_macro": 0.033524904214559385,
    "accuracy": 0.07329842931937172,
    "hamming_loss": 0.9267015706806283,
    "precision_micro": 0.07329842931937172,
    "recall_micro": 0.07329842931937172,
    "f1_micro": 0.07329842931937172,
    "precision_class": [
        0.0,
        0.0,
        0.04216867469879518,
        1.0,
        0.0,
        0.0
    ],
    "recall_class": [
        0.0,
        0.0,
        0.875,
        0.06422018348623854,
        0.0,
        0.0
    ],
    "f1_class": [
        0.0,
        0.0,
        0.08045977011494253,
        0.1206896551724138,
        0.0,
        0.0
    ],
    "support_class": [
        8,
        18,
        8,
        109,
        1,
        47
    ],
    "confusion_matrix": [
        [
            [
                167,
                16
            ],
            [
                8,
                0
            ]
        ],
        [
            [
                173,
                0
            ],
            [
                18,
                0
            ]
        ],
        [
            [
                24,
                159
            ],
            [
                1,
                7
            ]
        ],
        [
            [
                82,
                0
            ],
            [
                102,
                7
            ]
        ],
        [
            [
                188,
                2
            ],
            [
                1,
                0
            ]
        ],
        [
            [
                144,
                0
            ],
            [
                47,
                0
            ]
        ]
    ]
}