{
    "precision_macro": 0.0345427059712774,
    "recall_macro": 0.05041572184429327,
    "f1_macro": 0.029220779220779217,
    "accuracy": 0.11392405063291139,
    "hamming_loss": 0.8860759493670886,
    "precision_micro": 0.11392405063291139,
    "recall_micro": 0.11392405063291139,
    "f1_micro": 0.11392405063291139,
    "precision_class": [
        0.0,
        0.16666666666666666,
        0.0,
        0.0,
        0.0,
        0.0,
        0.0,
        0.0,
        0.0,
        0.0,
        0.0,
        0.0,
        0.4444444444444444,
        0.0,
        0.0,
        0.0,
        0.0,
        0.11428571428571428,
        0.0,
        0.0,
        0.0
    ],
    "recall_class": [
        0.0,
        0.5,
        0.0,
        0.0,
        0.0,
        0.0,
        0.0,
        0.0,
        0.0,
        0.0,
        0.0,
        0.0,
        0.11428571428571428,
        0.0,
        0.0,
        0.0,
        0.0,
        0.4444444444444444,
        0.0,
        0.0,
        0.0
    ],
    "f1_class": [
        0.0,
        0.25,
        0.0,
        0.0,
        0.0,
        0.0,
        0.0,
        0.0,
        0.0,
        0.0,
        0.0,
        0.0,
        0.1818181818181818,
        0.0,
        0.0,
        0.0,
        0.0,
        0.1818181818181818,
        0.0,
        0.0,
        0.0
    ],
    "support_class": [
        2,
        2,
        3,
        3,
        1,
        0,
        5,
        2,
        0,
        0,
        0,
        0,
        35,
        1,
        2,
        11,
        2,
        9,
        1,
        0,
        0
    ],
    "confusion_matrix": [
        [
            [
                76,
                1
            ],
            [
                2,
                0
            ]
        ],
        [
            [
                72,
                5
            ],
            [
                1,
                1
            ]
        ],
        [
            [
                74,
                2
            ],
            [
                3,
                0
            ]
        ],
        [
            [
                73,
                3
            ],
            [
                3,
                0
            ]
        ],
        [
            [
                78,
                0
            ],
            [
                1,
                0
            ]
        ],
        [
            [
                78,
                1
            ],
            [
                0,
                0
            ]
        ],
        [
            [
                72,
                2
            ],
            [
                5,
                0
            ]
        ],
        [
            [
                77,
                0
            ],
            [
                2,
                0
            ]
        ],
        [
            [
                78,
                1
            ],
            [
                0,
                0
            ]
        ],
        [
            [
                78,
                1
            ],
            [
                0,
                0
            ]
        ],
        [
            [
                74,
                5
            ],
            [
                0,
                0
            ]
        ],
        [
            [
                77,
                2
            ],
            [
                0,
                0
            ]
        ],
        [
            [
                39,
                5
            ],
            [
                31,
                4
            ]
        ],
        [
            [
                78,
                0
            ],
            [
                1,
                0
            ]
        ],
        [
            [
                71,
                6
            ],
            [
                2,
                0
            ]
        ],
        [
            [
                68,
                0
            ],
            [
                11,
                0
            ]
        ],
        [
            [
                77,
                0
            ],
            [
                2,
                0
            ]
        ],
        [
            [
                39,
                31
            ],
            [
                5,
                4
            ]
        ],
        [
            [
                77,
                1
            ],
            [
                1,
                0
            ]
        ],
        [
            [
                76,
                3
            ],
            [
                0,
                0
            ]
        ],
        [
            [
                78,
                1
            ],
            [
                0,
                0
            ]
        ]
    ]
}