{
    "precision_macro": 0.04272552394451757,
    "recall_macro": 0.062055591467356175,
    "f1_macro": 0.00740296118447379,
    "accuracy": 0.03664921465968586,
    "hamming_loss": 0.9633507853403142,
    "precision_micro": 0.03664921465968586,
    "recall_micro": 0.03664921465968586,
    "f1_micro": 0.03664921465968586,
    "precision_class": [
        0.0,
        0.0,
        0.0,
        0.0,
        0.0,
        0.012048192771084338,
        0.0,
        0.0,
        0.0,
        0.0,
        0.7142857142857143,
        0.0,
        0.0,
        0.0,
        0.0,
        0.0,
        0.0
    ],
    "recall_class": [
        0.0,
        0.0,
        0.0,
        0.0,
        0.0,
        1.0,
        0.0,
        0.0,
        0.0,
        0.0,
        0.054945054945054944,
        0.0,
        0.0,
        0.0,
        0.0,
        0.0,
        0.0
    ],
    "f1_class": [
        0.0,
        0.0,
        0.0,
        0.0,
        0.0,
        0.02380952380952381,
        0.0,
        0.0,
        0.0,
        0.0,
        0.1020408163265306,
        0.0,
        0.0,
        0.0,
        0.0,
        0.0,
        0.0
    ],
    "support_class": [
        5,
        3,
        3,
        2,
        3,
        2,
        1,
        12,
        3,
        2,
        91,
        1,
        8,
        27,
        7,
        18,
        3
    ],
    "confusion_matrix": [
        [
            [
                170,
                16
            ],
            [
                5,
                0
            ]
        ],
        [
            [
                188,
                0
            ],
            [
                3,
                0
            ]
        ],
        [
            [
                188,
                0
            ],
            [
                3,
                0
            ]
        ],
        [
            [
                189,
                0
            ],
            [
                2,
                0
            ]
        ],
        [
            [
                188,
                0
            ],
            [
                3,
                0
            ]
        ],
        [
            [
                25,
                164
            ],
            [
                0,
                2
            ]
        ],
        [
            [
                190,
                0
            ],
            [
                1,
                0
            ]
        ],
        [
            [
                179,
                0
            ],
            [
                12,
                0
            ]
        ],
        [
            [
                188,
                0
            ],
            [
                3,
                0
            ]
        ],
        [
            [
                189,
                0
            ],
            [
                2,
                0
            ]
        ],
        [
            [
                98,
                2
            ],
            [
                86,
                5
            ]
        ],
        [
            [
                188,
                2
            ],
            [
                1,
                0
            ]
        ],
        [
            [
                183,
                0
            ],
            [
                8,
                0
            ]
        ],
        [
            [
                164,
                0
            ],
            [
                27,
                0
            ]
        ],
        [
            [
                184,
                0
            ],
            [
                7,
                0
            ]
        ],
        [
            [
                173,
                0
            ],
            [
                18,
                0
            ]
        ],
        [
            [
                188,
                0
            ],
            [
                3,
                0
            ]
        ]
    ]
}