{
    "precision_macro": 0.167603404998363,
    "recall_macro": 0.19237012987012989,
    "f1_macro": 0.174963924963925,
    "accuracy": 0.3924050632911392,
    "hamming_loss": 0.6075949367088608,
    "precision_micro": 0.3924050632911392,
    "recall_micro": 0.3924050632911392,
    "f1_micro": 0.3924050632911392,
    "precision_class": [
        0.2857142857142857,
        0.14285714285714285,
        0.0,
        0.5681818181818182,
        0.0,
        0.17647058823529413,
        0.0
    ],
    "recall_class": [
        0.5,
        0.09090909090909091,
        0.0,
        0.5681818181818182,
        0.0,
        0.1875,
        0.0
    ],
    "f1_class": [
        0.36363636363636365,
        0.1111111111111111,
        0.0,
        0.5681818181818182,
        0.0,
        0.1818181818181818,
        0.0
    ],
    "support_class": [
        4,
        11,
        3,
        44,
        1,
        16,
        0
    ],
    "confusion_matrix": [
        [
            [
                70,
                5
            ],
            [
                2,
                2
            ]
        ],
        [
            [
                62,
                6
            ],
            [
                10,
                1
            ]
        ],
        [
            [
                75,
                1
            ],
            [
                3,
                0
            ]
        ],
        [
            [
                16,
                19
            ],
            [
                19,
                25
            ]
        ],
        [
            [
                76,
                2
            ],
            [
                1,
                0
            ]
        ],
        [
            [
                49,
                14
            ],
            [
                13,
                3
            ]
        ],
        [
            [
                78,
                1
            ],
            [
                0,
                0
            ]
        ]
    ]
}