{
    "precision_macro": 0.17433414043583537,
    "recall_macro": 0.15686274509803919,
    "f1_macro": 0.12030075187969924,
    "accuracy": 0.16279069767441862,
    "hamming_loss": 0.8372093023255814,
    "precision_micro": 0.16279069767441862,
    "recall_micro": 0.16279069767441862,
    "precision_class": [
        0.0,
        0.0,
        1.0,
        0.0,
        0.0,
        0.22033898305084745,
        0.0
    ],
    "recall_class": [
        0.0,
        0.0,
        0.3333333333333333,
        0.0,
        0.0,
        0.7647058823529411,
        0.0
    ],
    "f1_class": [
        0.0,
        0.0,
        0.5,
        0.0,
        0.0,
        0.3421052631578947,
        0.0
    ],
    "support_class": [
        10,
        13,
        3,
        40,
        2,
        17,
        1
    ],
    "confusion_matrix": [
        [
            [
                76,
                0
            ],
            [
                10,
                0
            ]
        ],
        [
            [
                73,
                0
            ],
            [
                13,
                0
            ]
        ],
        [
            [
                83,
                0
            ],
            [
                2,
                1
            ]
        ],
        [
            [
                46,
                0
            ],
            [
                40,
                0
            ]
        ],
        [
            [
                83,
                1
            ],
            [
                2,
                0
            ]
        ],
        [
            [
                23,
                46
            ],
            [
                4,
                13
            ]
        ],
        [
            [
                60,
                25
            ],
            [
                1,
                0
            ]
        ]
    ]
}