{
    "precision_macro": 0.0037878787878787876,
    "recall_macro": 0.007575757575757575,
    "f1_macro": 0.00505050505050505,
    "accuracy": 0.023255813953488372,
    "hamming_loss": 0.9767441860465116,
    "precision_micro": 0.023255813953488372,
    "recall_micro": 0.023255813953488372,
    "f1_micro": 0.02325581395348837,
    "precision_class": [
        0.0,
        0.0,
        0.0,
        0.0,
        0.0,
        0.0,
        0.0,
        0.0,
        0.0,
        0.0,
        0.0,
        0.0,
        0.0,
        0.08333333333333333,
        0.0,
        0.0,
        0.0,
        0.0,
        0.0,
        0.0,
        0.0,
        0.0
    ],
    "recall_class": [
        0.0,
        0.0,
        0.0,
        0.0,
        0.0,
        0.0,
        0.0,
        0.0,
        0.0,
        0.0,
        0.0,
        0.0,
        0.0,
        0.16666666666666666,
        0.0,
        0.0,
        0.0,
        0.0,
        0.0,
        0.0,
        0.0,
        0.0
    ],
    "f1_class": [
        0.0,
        0.0,
        0.0,
        0.0,
        0.0,
        0.0,
        0.0,
        0.0,
        0.0,
        0.0,
        0.0,
        0.0,
        0.0,
        0.1111111111111111,
        0.0,
        0.0,
        0.0,
        0.0,
        0.0,
        0.0,
        0.0,
        0.0
    ],
    "support_class": [
        4,
        6,
        2,
        1,
        3,
        10,
        0,
        0,
        36,
        1,
        1,
        1,
        1,
        12,
        0,
        3,
        0,
        4,
        0,
        1,
        0,
        0
    ],
    "confusion_matrix": [
        [
            [
                82,
                0
            ],
            [
                4,
                0
            ]
        ],
        [
            [
                80,
                0
            ],
            [
                6,
                0
            ]
        ],
        [
            [
                84,
                0
            ],
            [
                2,
                0
            ]
        ],
        [
            [
                85,
                0
            ],
            [
                1,
                0
            ]
        ],
        [
            [
                83,
                0
            ],
            [
                3,
                0
            ]
        ],
        [
            [
                76,
                0
            ],
            [
                10,
                0
            ]
        ],
        [
            [
                85,
                1
            ],
            [
                0,
                0
            ]
        ],
        [
            [
                85,
                1
            ],
            [
                0,
                0
            ]
        ],
        [
            [
                50,
                0
            ],
            [
                36,
                0
            ]
        ],
        [
            [
                84,
                1
            ],
            [
                1,
                0
            ]
        ],
        [
            [
                85,
                0
            ],
            [
                1,
                0
            ]
        ],
        [
            [
                73,
                12
            ],
            [
                1,
                0
            ]
        ],
        [
            [
                85,
                0
            ],
            [
                1,
                0
            ]
        ],
        [
            [
                52,
                22
            ],
            [
                10,
                2
            ]
        ],
        [
            [
                78,
                8
            ],
            [
                0,
                0
            ]
        ],
        [
            [
                77,
                6
            ],
            [
                3,
                0
            ]
        ],
        [
            [
                84,
                2
            ],
            [
                0,
                0
            ]
        ],
        [
            [
                82,
                0
            ],
            [
                4,
                0
            ]
        ],
        [
            [
                85,
                1
            ],
            [
                0,
                0
            ]
        ],
        [
            [
                79,
                6
            ],
            [
                1,
                0
            ]
        ],
        [
            [
                77,
                9
            ],
            [
                0,
                0
            ]
        ],
        [
            [
                71,
                15
            ],
            [
                0,
                0
            ]
        ]
    ]
}